{
	"Calibration": {
		"Dynamic": {
			"Stereo": {
				"Angle": {
					"Epipolar": 0.00015855272067710757,
					"Vergence": 0.00011395320325391367
				},
				"Left": {
					"Camera": [
						[
							1031.1846095905642,
							0,
							0
						],
						[
							0,
							1031.1846095905642,
							0
						],
						[
							612.29912516404613,
							494.23577351304135,
							1
						]
					],
					"Rotation": [
						[
							0.99935894680827309,
							0.001017839387882338,
							-0.035786302368914925
						],
						[
							-0.0010769790217524011,
							0.99999808615731012,
							-0.0016333394943319321
						],
						[
							0.035784571402290619,
							0.001670833533753328,
							0.99935813038412658
						]
					]
				},
				"Reprojection": [
					[
						1,
						0,
						0,
						0
					],
					[
						0,
						1,
						0,
						0
					],
					[
						0,
						0,
						0,
						0.0099442560338573321
					],
					[
						-612.29912516404613,
						-494.23577351304135,
						1031.1846095905642,
						1.0898848078781966
					]
				],
				"Right": {
					"Camera": [
						[
							1031.1846095905642,
							0,
							0
						],
						[
							0,
							1031.1846095905642,
							0
						],
						[
							721.89855665167602,
							494.23577351304135,
							1
						]
					],
					"Rotation": [
						[
							0.9996549573924467,
							0.00050488710718278064,
							0.026262354230242674
						],
						[
							-0.00054796918969191163,
							0.99999851606317913,
							0.0016332792801290439
						],
						[
							-0.026261490636917257,
							-0.0016471066901543143,
							0.9996537506302261
						]
					]
				}
			}
		},
		"Monocular": {
			"Left": {
				"Camera": [
					[
						1152.0622202722841,
						0,
						0
					],
					[
						0,
						1150.4458692133669,
						0
					],
					[
						655.12536367373866,
						506.71231430634174,
						1
					]
				],
				"Distortion": [
					-0.55060880823856573,
					0.30811217913605682,
					0.00104448215629088,
					-0.00043152388536473954,
					-0.098853742404025252
				]
			},
			"Right": {
				"Camera": [
					[
						1152.8850122361785,
						0,
						0
					],
					[
						0,
						1151.1609626023442,
						0
					],
					[
						662.02718810992394,
						488.47413524201471,
						1
					]
				],
				"Distortion": [
					-0.54794232547410082,
					0.29951794023004152,
					0.00059353708991550841,
					-7.3312287465548428e-005,
					-0.091637230196100081
				]
			}
		},
		"Stereo": {
			"Angle": {
				"Epipolar": -0.0029493307895255122,
				"OpticalAxis": 0.00051494550860553762,
				"Vergence": 0.062287005415530609
			},
			"Baseline": 100.56056447011095,
			"Left": {
				"Camera": [
					[
						1031.1846095905642,
						0,
						0
					],
					[
						0,
						1031.1846095905642,
						0
					],
					[
						612.29912516404613,
						494.23577351304135,
						1
					]
				],
				"Rotation": [
					[
						0.99935486236520243,
						0.0010235224186601489,
						-0.035900020458013632
					],
					[
						-0.001077156105248266,
						0.99999833254854131,
						-0.0014746643217636933
					],
					[
						0.035898451244478824,
						0.0015123828865259172,
						0.99935429848290158
					]
				]
			},
			"Rectification": true,
			"Reprojection": [
				[
					1,
					0,
					0,
					0
				],
				[
					0,
					1,
					0,
					0
				],
				[
					0,
					0,
					0,
					0.0099442560338573321
				],
				[
					-612.29912516404613,
					-494.23577351304135,
					1031.1846095905642,
					1.0898848078781966
				]
			],
			"Right": {
				"Camera": [
					[
						1031.1846095905642,
						0,
						0
					],
					[
						0,
						1031.1846095905642,
						0
					],
					[
						721.89855665167602,
						494.23577351304135,
						1
					]
				],
				"Rotation": [
					[
						0.9996519582272112,
						0.0005090600992028562,
						0.026376187562221508
					],
					[
						-0.00054814626975697588,
						0.99999876244963681,
						0.0014746643217637412
					],
					[
						-0.02637540422759508,
						-0.0014886090858015682,
						0.99965100014696162
					]
				]
			}
		}
	},
	"EepromId": 1,
	"Images": {
		"DisparityMap": 13131060940.987593,
		"PointMap": null,
		"Raw": [
			{
				"Left": 13131060939.628,
				"Right": 13131060939.628
			},
			{
				"Left": 13131060939.868,
				"Right": 13131060939.868
			},
			{
				"Left": 13131060940.108999,
				"Right": 13131060940.108999
			},
			{
				"Left": 13131060940.349001,
				"Right": 13131060940.349001
			}
		],
		"Rectified": [
			{
				"Left": 13131060940.621555,
				"Right": 13131060940.621555
			},
			{
				"Left": 13131060940.630558,
				"Right": 13131060940.630558
			},
			{
				"Left": 13131060940.638557,
				"Right": 13131060940.638557
			},
			{
				"Left": 13131060940.645559,
				"Right": 13131060940.645559
			}
		],
		"WithOverlay": {
			"Left": 13131060929.613455,
			"Right": 13131060929.613455
		}
	},
	"Link": {
		"Rotation": {
			"Angle": 1.5875356840667487,
			"Axis": [
				0.0037512336052502528,
				-0.020705224732323488,
				-0.99977858644563034
			]
		},
		"Target": "Workspace",
		"Translation": [
			-17.976019640749239,
			-92.292948886352107,
			1397.1245805781261
		]
	},
	"ModelName": "N35-602-16-BL",
	"Parameters": {
		"Capture": {
			"AbsoluteBlackLevelOffset": 0,
			"AutoBlackLevel": false,
			"AutoExposure": false,
			"AutoGain": false,
			"Binning": 1,
			"BlackLevelOffset": 1,
			"Exposure": 13.92898245614035,
			"FlashDelay": -0.050000000000000003,
			"FlexView": 4,
			"FrontLight": false,
			"Gain": 1,
			"GainBoost": false,
			"HardwareGamma": true,
			"Hdr": false,
			"MaxFlashTime": 10,
			"MaxGain": 4,
			"PixelClock": 30,
			"Projector": true,
			"TargetBrightness": 93,
			"TriggerMode": "Software",
			"Triggered": true,
			"UseDisparityMapAreaOfInterest": false
		},
		"DisparityMap": {
			"AreaOfInterest": {
				"LeftTop": [
					0,
					0
				],
				"RightBottom": [
					1279,
					1023
				]
			},
			"MeasurementVolume": {
				"Far": {
					"DisparityStep": 127858.79547679798,
					"LeftBottom": [
						0,
						0,
						1.7976931348623157e+308
					],
					"LeftTop": [
						0,
						0,
						1.7976931348623157e+308
					],
					"PixelSize": 1.7976931348623157e+308,
					"RightBottom": [
						0,
						0,
						1.7976931348623157e+308
					],
					"RightTop": [
						0,
						0,
						1.7976931348623157e+308
					]
				},
				"Near": {
					"DisparityStep": 6.6260308402165231,
					"LeftBottom": [
						-479.33212730434519,
						425.04453021745354,
						828.91269113058968
					],
					"LeftTop": [
						-479.33212730434519,
						-397.28900263393967,
						828.91269113058968
					],
					"PixelSize": 0.80384509565141071,
					"RightBottom": [
						446.69742288607995,
						425.04453021745354,
						828.91269113058968
					],
					"RightTop": [
						446.69742288607995,
						-397.28900263393967,
						828.91269113058968
					]
				}
			},
			"PostProcessing": {
				"Filling": {
					"BorderSpread": 1,
					"RegionSize": 13
				},
				"MedianFilterRadius": 0,
				"SpeckleRemoval": {
					"ComponentThreshold": 3,
					"RegionSize": 143
				},
				"UniquenessOffset": 16,
				"UniquenessRatio": 28
			},
			"Scaling": 1,
			"StereoMatching": {
				"CostScale": -3,
				"DepthChangeCost": 8,
				"DepthStepCost": 23,
				"MinimumDisparity": -111,
				"NumberOfDisparities": 128,
				"OptimizationProfile": "AlignedAndDiagonal",
				"PropagationDecay": 3,
				"ScaledMinimumDisparity": -111,
				"ScaledNumberOfDisparities": 128,
				"ShadowingThreshold": -1
			},