{
	"Calibration": {
		"Dynamic": {
			"Stereo": {
				"Angle": {
					"Epipolar": 0.0001385117502650246,
					"Vergence": 0.00012656339094974101
				},
				"Left": {
					"Camera": [
						[
							1031.1846095905642,
							0,
							0
						],
						[
							0,
							1031.1846095905642,
							0
						],
						[
							612.29912516404613,
							494.23577351304135,
							1
						]
					],
					"Rotation": [
						[
							0.99935939799849272,
							0.0010185585938063087,
							-0.035773679856584986
						],
						[
							-0.0010769606928614321,
							0.99999811868802824,
							-0.0016133121428259802
						],
						[
							0.035771969302185222,
							0.0016508054988827801,
							0.99935861483926203
						]
					]
				},
				"Reprojection": [
					[
						1,
						0,
						0,
						0
					],
					[
						0,
						1,
						0,
						0
					],
					[
						0,
						0,
						0,
						0.0099442560338573321
					],
					[
						-612.29912516404613,
						-494.23577351304135,
						1031.1846095905642,
						1.0898848078781966
					]
				],
				"Right": {
					"Camera": [
						[
							1031.1846095905642,
							0,
							0
						],
						[
							0,
							1031.1846095905642,
							0
						],
						[
							721.89855665167602,
							494.23577351304135,
							1
						]
					],
					"Rotation": [
						[
							0.9996552884850336,
							0.00050541544464413558,
							0.026249738267894996
						],
						[
							-0.00054795086160329073,
							0.99999854859375659,
							0.0016132452490941482
						],
						[
							-0.026248884809796088,
							-0.001627072711581074,
							0.99965411452193476
						]
					]
				}
			}
		},
		"Monocular": {
			"Left": {
				"Camera": [
					[
						1152.0622202722841,
						0,
						0
					],
					[
						0,
						1150.4458692133669,
						0
					],
					[
						655.12536367373866,
						506.71231430634174,
						1
					]
				],
				"Distortion": [
					-0.55060880823856573,
					0.30811217913605682,
					0.00104448215629088,
					-0.00043152388536473954,
					-0.098853742404025252
				]
			},
			"Right": {
				"Camera": [
					[
						1152.8850122361785,
						0,
						0
					],
					[
						0,
						1151.1609626023442,
						0
					],
					[
						662.02718810992394,
						488.47413524201471,
						1
					]
				],
				"Distortion": [
					-0.54794232547410082,
					0.29951794023004152,
					0.00059353708991550841,
					-7.3312287465548428e-005,
					-0.091637230196100081
				]
			}
		},
		"Stereo": {
			"Angle": {
				"Epipolar": -0.0029493307895255122,
				"OpticalAxis": 0.00051494550860553762,
				"Vergence": 0.062287005415530609
			},
			"Baseline": 100.56056447011095,
			"Left": {
				"Camera": [
					[
						1031.1846095905642,
						0,
						0
					],
					[
						0,
						1031.1846095905642,
						0
					],
					[
						612.29912516404613,
						494.23577351304135,
						1
					]
				],
				"Rotation": [
					[
						0.99935486236520243,
						0.0010235224186601489,
						-0.035900020458013632
					],
					[
						-0.001077156105248266,
						0.99999833254854131,
						-0.0014746643217636933
					],
					[
						0.035898451244478824,
						0.0015123828865259172,
						0.99935429848290158
					]
				]
			},
			"Rectification": true,
			"Reprojection": [
				[
					1,
					0,
					0,
					0
				],
				[
					0,
					1,
					0,
					0
				],
				[
					0,
					0,
					0,
					0.0099442560338573321
				],
				[
					-612.29912516404613,
					-494.23577351304135,
					1031.1846095905642,
					1.0898848078781966
				]
			],
			"Right": {
				"Camera": [
					[
						1031.1846095905642,
						0,
						0
					],
					[
						0,
						1031.1846095905642,
						0
					],
					[
						721.89855665167602,
						494.23577351304135,
						1
					]
				],
				"Rotation": [
					[
						0.9996519582272112,
						0.0005090600992028562,
						0.026376187562221508
					],
					[
						-0.00054814626975697588,
						0.99999876244963681,
						0.0014746643217637412
					],
					[
						-0.02637540422759508,
						-0.0014886090858015682,
						0.99965100014696162
					]
				]
			}
		}
	},
	"EepromId": 1,
	"Images": {
		"DisparityMap": 13131041450.31048,
		"PointMap": null,
		"Raw": {
			"Left": 13131041449.945,
			"Right": 13131041449.945
		},
		"Rectified": {
			"Left": 13131041450.186466,
			"Right": 13131041450.186466
		},
		"WithOverlay": {
			"Left": 13131041322.350685,
			"Right": 13131041322.350685
		}
	},
	"Link": {
		"Rotation": {
			"Angle": 1.5350486720264696,
			"Axis": [
				-0.0080323607350813956,
				-0.0064401801251711679,
				-0.9999470012260534
			]
		},
		"Target": "Workspace",
		"Translation": [
			-111.22175059310919,
			-197.4144120101482,
			2275.6083390192462
		]
	},
	"ModelName": "N35-602-16-BL",
	"Parameters": {
		"Capture": {
			"AbsoluteBlackLevelOffset": 0,
			"AutoBlackLevel": false,
			"AutoExposure": false,
			"AutoGain": false,
			"Binning": 1,
			"BlackLevelOffset": 1,
			"Exposure": 5.6999298245614032,
			"FlashDelay": -0.050000000000000003,
			"FlexView": false,
			"FrontLight": false,
			"Gain": 1,
			"GainBoost": false,
			"HardwareGamma": true,
			"Hdr": false,
			"MaxFlashTime": 10,
			"MaxGain": 4,
			"PixelClock": 30,
			"Projector": true,
			"TargetBrightness": 93,
			"TriggerMode": "Software",
			"Triggered": true,
			"UseDisparityMapAreaOfInterest": false
		},
		"DisparityMap": {
			"AreaOfInterest": {
				"LeftTop": [
					0,
					0
				],
				"RightBottom": [
					1279,
					1023
				]
			},
			"MeasurementVolume": {
				"Far": {
					"DisparityStep": 48.794737491128338,
					"LeftBottom": [
						-1335.6595442521643,
						1153.4378488246286,
						2249.4096579291568
					],
					"LeftTop": [
						-1335.6595442521643,
						-1078.1180323043636,
						2249.4096579291568
					],
					"PixelSize": 2.1813840480244302,
					"RightBottom": [
						1314.7220740975185,
						1153.4378488246286,
						2249.4096579291568
					],
					"RightTop": [
						1314.7220740975185,
						-1078.1180323043636,
						2249.4096579291568
					]
				},
				"Near": {
					"DisparityStep": 8.8739566979848057,
					"LeftBottom": [
						-569.59731243450233,
						491.88814737859997,
						959.26967409800295
					],
					"LeftTop": [
						-569.59731243450233,
						-459.76771276064233,
						959.26967409800295
					],
					"PixelSize": 0.93025988283405903,
					"RightBottom": [
						560.66844520887923,
						491.88814737859997,
						959.26967409800295
					],
					"RightTop": [
						560.66844520887923,
						-459.76771276064233,
						959.26967409800295
					]
				}
			},
			"PostProcessing": {
				"Filling": {
					"BorderSpread": 1,
					"RegionSize": 13
				},
				"MedianFilterRadius": 0,
				"SpeckleRemoval": {
					"ComponentThreshold": 3,
					"RegionSize": 143
				},
				"UniquenessOffset": 16,
				"UniquenessRatio": 28
			},
			"Scaling": 1,
			"StereoMatching": {
				"CostScale": -3,
				"DepthChangeCost": 8,
				"DepthStepCost": 23,
				"MinimumDisparity": -64,
				"NumberOfDisparities": 64,
				"OptimizationProfile": "AlignedAndDiagonal",
				"PropagationDecay": 3,
				"ScaledMinimumDisparity": -64,
				"ScaledNumberOfDisparities": 64,
				"ShadowingThreshold": -1
			},
			"ValidRegion": {
				"LeftTop": [
					0,
					0
				],
				"RightBottom": [
					1215,
					1023
				]
			}
		},
		"IO": {
			"Input": false,
			"Output": 5.6999298245614032
		},
		"Overlay": {
			"Text": {
				"Angle": 0,
				"Color": [
					255,
					0,
					0
				],
				"Mirror": {
					"Horizontal": false,
					"Vertical": false
				}
			}
		}
	},