{
	"Capture": {
		"AbsoluteBlackLevelOffset": 0,
		"AutoBlackLevel": false,
		"AutoExposure": false,
		"AutoGain": false,
		"Binning": 1,
		"BlackLevelOffset": 1,
		"Exposure": 5.6999298245614032,
		"FlashDelay": -0.050000000000000003,
		"FlexView": 4,
		"FrontLight": false,
		"Gain": 1,
		"GainBoost": false,
		"HardwareGamma": true,
		"Hdr": false,
		"MaxFlashTime": 10,
		"MaxGain": 4,
		"PixelClock": 30,
		"Projector": true,
		"TargetBrightness": 93,
		"TriggerMode": "Software",
		"Triggered": true,
		"UseDisparityMapAreaOfInterest": false
	},
	"DisparityMap": {
		"AreaOfInterest": {
			"LeftTop": [
				0,
				0
			],
			"RightBottom": [
				1279,
				1023
			]
		},
		"MeasurementVolume": {
			"Far": {
				"DisparityStep": 48.794737491128338,
				"LeftBottom": [
					-1335.6595442521643,
					1153.4378488246286,
					2249.4096579291568
				],
				"LeftTop": [
					-1335.6595442521643,
					-1078.1180323043636,
					2249.4096579291568
				],
				"PixelSize": 2.1813840480244302,
				"RightBottom": [
					1314.7220740975185,
					1153.4378488246286,
					2249.4096579291568
				],
				"RightTop": [
					1314.7220740975185,
					-1078.1180323043636,
					2249.4096579291568
				]
			},
			"Near": {
				"DisparityStep": 8.8739566979848057,
				"LeftBottom": [
					-569.59731243450233,
					491.88814737859997,
					959.26967409800295
				],
				"LeftTop": [
					-569.59731243450233,
					-459.76771276064233,
					959.26967409800295
				],
				"PixelSize": 0.93025988283405903,
				"RightBottom": [
					560.66844520887923,
					491.88814737859997,
					959.26967409800295
				],
				"RightTop": [
					560.66844520887923,
					-459.76771276064233,
					959.26967409800295
				]
			}
		},
		"PostProcessing": {
			"Filling": {
				"BorderSpread": 1,
				"RegionSize": 13
			},
			"MedianFilterRadius": 0,
			"SpeckleRemoval": {
				"ComponentThreshold": 3,
				"RegionSize": 143
			},
			"UniquenessOffset": 16,
			"UniquenessRatio": 28
		},
		"Scaling": 1,
		"StereoMatching": {
			"CostScale": -3,
			"DepthChangeCost": 8,
			"DepthStepCost": 23,
			"MinimumDisparity": -64,
			"NumberOfDisparities": 64,
			"OptimizationProfile": "AlignedAndDiagonal",
			"PropagationDecay": 3,
			"ScaledMinimumDisparity": -64,
			"ScaledNumberOfDisparities": 64,
			"ShadowingThreshold": -1
		},
		"ValidRegion": {
			"LeftTop": [
				0,
				0
			],
			"RightBottom": [
				1215,
				1023
			]
		}
	},
	"IO": {
		"Input": false,
		"Output": 5.6999298245614032
	},
	"Overlay": {
		"Text": {
			"Angle": 0,
			"Color": [
				255,
				0,
				0
			],
			"Mirror": {
				"Horizontal": false,
				"Vertical": false
			}
		}
	}
}